Width,Height,Roi.X1,Roi.Y1,Roi.X2,Roi.Y2,ClassId,Path
1359,714,1144,453,1173,486,86,Train_frames/Screenshot_1.png
1359,714,987,401,1005,436,49,Train_frames/Screenshot_1.png
1359,714,611,514,623,528,61,Train_frames/Screenshot_1.png
1359,714,1073,255,1142,317,85,Train_frames/Screenshot_10.png
1359,714,1061,183,1148,255,59,Train_frames/Screenshot_10.png
1359,714,255,506,271,523,75,Train_frames/Screenshot_10.png
1359,714,250,541,262,554,58,Train_frames/Screenshot_10.png
1359,714,1058,340,1129,400,85,Train_frames/Screenshot_100.png
1359,714,910,396,952,434,24,Train_frames/Screenshot_100.png
1359,714,909,437,954,473,47,Train_frames/Screenshot_100.png
1359,714,311,444,357,494,58,Train_frames/Screenshot_101.png
1359,714,565,447,596,478,40,Train_frames/Screenshot_101.png
1359,714,662,403,695,433,85,Train_frames/Screenshot_101.png
1359,714,859,391,950,473,58,Train_frames/Screenshot_102.png
1359,714,1134,430,1190,473,40,Train_frames/Screenshot_102.png
1359,714,987,454,1003,469,30,Train_frames/Screenshot_102.png
1359,714,989,471,1005,485,85,Train_frames/Screenshot_102.png
1359,714,966,233,1011,333,85,Train_frames/Screenshot_103.png
1359,714,658,437,700,479,37,Train_frames/Screenshot_103.png
1359,714,1002,358,1059,413,7,Train_frames/Screenshot_104.png
1359,714,1177,491,1201,522,28,Train_frames/Screenshot_104.png
1359,714,991,196,1060,260,59,Train_frames/Screenshot_105.png
1359,714,559,483,582,503,85,Train_frames/Screenshot_105.png
1359,714,384,377,413,404,85,Train_frames/Screenshot_105.png
1359,714,1084,294,1169,374,30,Train_frames/Screenshot_106.png
1359,714,884,444,911,471,49,Train_frames/Screenshot_106.png
1359,714,646,410,671,434,59,Train_frames/Screenshot_106.png
1359,714,648,437,669,456,86,Train_frames/Screenshot_106.png
1359,714,71,485,96,503,49,Train_frames/Screenshot_106.png
1359,714,1114,376,1166,424,49,Train_frames/Screenshot_107.png
1359,714,681,365,715,398,59,Train_frames/Screenshot_107.png
1359,714,681,399,715,423,86,Train_frames/Screenshot_107.png
1359,714,1238,352,1291,402,62,Train_frames/Screenshot_108.png
1359,714,896,364,921,388,59,Train_frames/Screenshot_108.png
1359,714,892,389,923,419,85,Train_frames/Screenshot_108.png
1359,714,444,489,456,503,37,Train_frames/Screenshot_108.png
1359,714,1114,502,1130,523,37,Train_frames/Screenshot_108.png
1359,714,943,424,977,455,75,Train_frames/Screenshot_109.png
1359,714,945,455,978,487,85,Train_frames/Screenshot_109.png
1359,714,818,429,839,449,37,Train_frames/Screenshot_109.png
1359,714,430,433,456,458,37,Train_frames/Screenshot_109.png
1359,714,500,497,541,539,58,Train_frames/Screenshot_109.png
1359,714,683,496,692,504,55,Train_frames/Screenshot_109.png
1359,714,681,517,692,527,62,Train_frames/Screenshot_109.png
1359,714,936,317,968,358,35,Train_frames/Screenshot_11.png
1359,714,940,358,971,402,37,Train_frames/Screenshot_11.png
1359,714,940,423,978,473,75,Train_frames/Screenshot_11.png
1359,714,717,508,733,529,61,Train_frames/Screenshot_11.png
1359,714,1183,0,1315,96,62,Train_frames/Screenshot_110.png
1359,714,1316,273,1357,326,28,Train_frames/Screenshot_110.png
1359,714,931,109,999,168,24,Train_frames/Screenshot_110.png
1359,714,940,170,1001,230,31,Train_frames/Screenshot_110.png
1359,714,634,461,653,480,85,Train_frames/Screenshot_110.png
1359,714,606,484,618,499,8,Train_frames/Screenshot_110.png
1359,714,606,500,618,513,16,Train_frames/Screenshot_110.png
1359,714,1055,422,1079,458,28,Train_frames/Screenshot_111.png
1359,714,643,449,665,470,85,Train_frames/Screenshot_111.png
1359,714,609,477,624,492,8,Train_frames/Screenshot_111.png
1359,714,607,493,624,504,16,Train_frames/Screenshot_111.png
1359,714,868,209,929,262,8,Train_frames/Screenshot_112.png
1359,714,862,268,930,320,16,Train_frames/Screenshot_112.png
1359,714,848,308,935,387,59,Train_frames/Screenshot_113.png
1359,714,457,515,472,530,58,Train_frames/Screenshot_113.png
1359,714,247,446,302,497,58,Train_frames/Screenshot_114.png
1359,714,819,353,846,395,85,Train_frames/Screenshot_114.png
1359,714,843,446,869,466,75,Train_frames/Screenshot_114.png
1359,714,777,359,825,396,16,Train_frames/Screenshot_115.png
1359,714,964,218,1044,288,59,Train_frames/Screenshot_116.png
1359,714,656,435,682,459,85,Train_frames/Screenshot_116.png
1359,714,345,489,367,510,58,Train_frames/Screenshot_116.png
1359,714,1038,241,1087,324,38,Train_frames/Screenshot_117.png
1359,714,662,448,689,471,85,Train_frames/Screenshot_117.png
1359,714,41,445,57,468,85,Train_frames/Screenshot_117.png
1359,714,614,485,632,502,37,Train_frames/Screenshot_117.png
1359,714,1077,97,1217,183,85,Train_frames/Screenshot_118.png
1359,714,655,452,677,474,85,Train_frames/Screenshot_118.png
1359,714,70,449,84,473,85,Train_frames/Screenshot_118.png
1359,714,947,296,983,364,38,Train_frames/Screenshot_118.png
1359,714,609,487,627,506,37,Train_frames/Screenshot_118.png
1359,714,848,319,907,379,85,Train_frames/Screenshot_119.png
1359,714,686,440,714,469,37,Train_frames/Screenshot_119.png
1359,714,617,467,637,484,16,Train_frames/Screenshot_119.png
1359,714,1154,460,1190,504,61,Train_frames/Screenshot_12.png
1359,714,933,196,1003,265,59,Train_frames/Screenshot_120.png
1359,714,937,270,1018,348,55,Train_frames/Screenshot_120.png
1359,714,371,522,396,548,58,Train_frames/Screenshot_120.png
1359,714,622,477,646,499,85,Train_frames/Screenshot_120.png
1359,714,1060,291,1132,360,37,Train_frames/Screenshot_121.png
1359,714,777,454,799,482,61,Train_frames/Screenshot_121.png
1359,714,1146,337,1194,395,61,Train_frames/Screenshot_122.png
1359,714,731,488,740,499,59,Train_frames/Screenshot_122.png
1359,714,729,500,742,513,85,Train_frames/Screenshot_122.png
1359,714,889,264,938,306,59,Train_frames/Screenshot_123.png
1359,714,887,310,945,359,85,Train_frames/Screenshot_123.png
1359,714,1057,409,1074,437,37,Train_frames/Screenshot_123.png
1359,714,602,439,621,459,85,Train_frames/Screenshot_123.png
1359,714,504,466,517,483,62,Train_frames/Screenshot_123.png
1359,714,504,491,517,509,62,Train_frames/Screenshot_123.png
1359,714,1108,214,1189,282,85,Train_frames/Screenshot_124.png
1359,714,661,471,689,506,62,Train_frames/Screenshot_124.png
1359,714,661,422,688,456,62,Train_frames/Screenshot_124.png
1359,714,918,386,965,429,59,Train_frames/Screenshot_125.png
1359,714,85,526,97,540,55,Train_frames/Screenshot_125.png
1359,714,730,340,771,380,59,Train_frames/Screenshot_126.png
1359,714,733,383,772,423,30,Train_frames/Screenshot_126.png
1359,714,733,426,776,469,85,Train_frames/Screenshot_126.png
1359,714,233,462,276,500,58,Train_frames/Screenshot_126.png
1359,714,580,491,591,509,62,Train_frames/Screenshot_126.png
1359,714,563,496,574,509,62,Train_frames/Screenshot_126.png
1359,714,564,520,575,531,62,Train_frames/Screenshot_126.png
1359,714,46,508,66,529,28,Train_frames/Screenshot_126.png
1359,714,1005,201,1059,253,30,Train_frames/Screenshot_127.png
1359,714,1014,323,1074,381,62,Train_frames/Screenshot_127.png
1359,714,659,496,669,511,62,Train_frames/Screenshot_127.png
1359,714,1173,270,1248,343,62,Train_frames/Screenshot_128.png
1359,714,854,363,878,387,59,Train_frames/Screenshot_128.png
1359,714,852,389,880,416,30,Train_frames/Screenshot_128.png
1359,714,851,419,882,447,85,Train_frames/Screenshot_128.png
1359,714,658,244,707,291,42,Train_frames/Screenshot_129.png
1359,714,662,316,714,366,65,Train_frames/Screenshot_129.png
1359,714,670,367,721,415,62,Train_frames/Screenshot_129.png
1359,714,606,479,616,493,62,Train_frames/Screenshot_129.png
1359,714,1115,442,1164,491,26,Train_frames/Screenshot_13.png
1359,714,835,271,886,317,59,Train_frames/Screenshot_130.png
1359,714,839,321,894,369,30,Train_frames/Screenshot_130.png
1359,714,1142,183,1255,291,85,Train_frames/Screenshot_131.png
1359,714,981,384,1021,428,61,Train_frames/Screenshot_132.png
1359,714,1027,0,1175,116,64,Train_frames/Screenshot_133.png
1359,714,1029,127,1179,214,24,Train_frames/Screenshot_133.png
1359,714,575,484,590,501,58,Train_frames/Screenshot_133.png
1359,714,786,450,800,464,53,Train_frames/Screenshot_133.png
1359,714,786,423,803,445,24,Train_frames/Screenshot_133.png
1359,714,246,486,303,538,58,Train_frames/Screenshot_134.png
1359,714,853,306,934,375,24,Train_frames/Screenshot_134.png
1359,714,866,378,927,437,53,Train_frames/Screenshot_134.png
1359,714,1116,450,1143,481,37,Train_frames/Screenshot_134.png
1359,714,492,338,537,396,85,Train_frames/Screenshot_135.png
1359,714,741,495,756,514,61,Train_frames/Screenshot_135.png
1359,714,940,226,1011,290,75,Train_frames/Screenshot_136.png
1359,714,947,292,1019,356,62,Train_frames/Screenshot_136.png
1359,714,789,320,840,380,62,Train_frames/Screenshot_137.png
1359,714,790,377,839,425,62,Train_frames/Screenshot_137.png
1359,714,198,379,230,405,85,Train_frames/Screenshot_137.png
1359,714,685,455,707,478,85,Train_frames/Screenshot_137.png
1359,714,974,257,1045,329,85,Train_frames/Screenshot_138.png
1359,714,696,442,741,494,59,Train_frames/Screenshot_138.png
1359,714,595,519,607,535,62,Train_frames/Screenshot_138.png
1359,714,746,376,790,421,62,Train_frames/Screenshot_139.png
1359,714,1161,313,1199,376,29,Train_frames/Screenshot_14.png
1359,714,1167,376,1207,434,55,Train_frames/Screenshot_14.png
1359,714,418,508,442,532,36,Train_frames/Screenshot_14.png
1359,714,992,398,1037,448,61,Train_frames/Screenshot_140.png
1359,714,923,349,984,408,30,Train_frames/Screenshot_141.png
1359,714,615,506,627,523,62,Train_frames/Screenshot_141.png
1359,714,870,382,920,433,37,Train_frames/Screenshot_142.png
1359,714,881,435,918,475,62,Train_frames/Screenshot_142.png
1359,714,721,429,743,448,59,Train_frames/Screenshot_142.png
1359,714,719,449,744,472,86,Train_frames/Screenshot_142.png
1359,714,256,426,286,455,86,Train_frames/Screenshot_142.png
1359,714,132,440,160,465,86,Train_frames/Screenshot_142.png
1359,714,305,487,325,505,30,Train_frames/Screenshot_142.png
1359,714,208,531,226,547,28,Train_frames/Screenshot_142.png
1359,714,968,312,1024,360,86,Train_frames/Screenshot_143.png
1359,714,972,271,1016,310,59,Train_frames/Screenshot_143.png
1359,714,192,429,228,458,30,Train_frames/Screenshot_143.png
1359,714,1,245,42,303,86,Train_frames/Screenshot_143.png
1359,714,151,520,172,540,28,Train_frames/Screenshot_143.png
1359,714,1167,265,1207,320,49,Train_frames/Screenshot_144.png
1359,714,53,510,79,535,28,Train_frames/Screenshot_144.png
1359,714,850,422,897,465,37,Train_frames/Screenshot_145.png
1359,714,857,466,894,504,75,Train_frames/Screenshot_145.png
1359,714,694,490,707,506,24,Train_frames/Screenshot_145.png
1359,714,722,525,749,550,12,Train_frames/Screenshot_145.png
1359,714,1079,444,1155,505,12,Train_frames/Screenshot_146.png
1359,714,844,418,862,446,24,Train_frames/Screenshot_146.png
1359,714,931,434,969,465,24,Train_frames/Screenshot_147.png
1359,714,936,467,972,500,53,Train_frames/Screenshot_147.png
1359,714,1115,476,1147,504,49,Train_frames/Screenshot_147.png
1359,714,756,454,787,484,37,Train_frames/Screenshot_147.png
1359,714,758,485,784,510,55,Train_frames/Screenshot_147.png
1359,714,245,428,287,467,64,Train_frames/Screenshot_148.png
1359,714,770,445,806,478,64,Train_frames/Screenshot_148.png
1359,714,246,467,282,492,24,Train_frames/Screenshot_148.png
1359,714,772,480,803,509,24,Train_frames/Screenshot_148.png
1359,714,1101,330,1196,420,41,Train_frames/Screenshot_149.png
1359,714,715,459,744,483,24,Train_frames/Screenshot_149.png
1359,714,714,486,742,505,47,Train_frames/Screenshot_149.png
1359,714,340,496,361,514,47,Train_frames/Screenshot_149.png
1359,714,340,477,362,495,24,Train_frames/Screenshot_149.png
1359,714,213,473,231,493,24,Train_frames/Screenshot_149.png
1359,714,35,458,66,491,61,Train_frames/Screenshot_149.png
1359,714,213,495,232,514,47,Train_frames/Screenshot_149.png
1359,714,212,513,228,530,86,Train_frames/Screenshot_149.png
1359,714,7,498,31,518,37,Train_frames/Screenshot_15.png
1359,714,254,522,264,533,3,Train_frames/Screenshot_15.png
1359,714,1021,298,1092,358,24,Train_frames/Screenshot_150.png
1359,714,169,384,213,423,24,Train_frames/Screenshot_150.png
1359,714,1032,364,1092,414,47,Train_frames/Screenshot_150.png
1359,714,168,423,208,457,47,Train_frames/Screenshot_150.png
1359,714,166,458,203,493,86,Train_frames/Screenshot_150.png
1359,714,871,462,907,495,86,Train_frames/Screenshot_150.png
1359,714,585,422,622,462,62,Train_frames/Screenshot_151.png
1359,714,740,475,770,518,28,Train_frames/Screenshot_151.png
1359,714,1317,350,1358,407,86,Train_frames/Screenshot_151.png
1359,714,935,495,971,532,40,Train_frames/Screenshot_152.png
1359,714,595,495,615,524,40,Train_frames/Screenshot_152.png
1359,714,853,454,892,491,86,Train_frames/Screenshot_152.png
1359,714,284,501,298,526,86,Train_frames/Screenshot_152.png
1359,714,196,516,210,539,86,Train_frames/Screenshot_152.png
1359,714,1149,331,1247,407,86,Train_frames/Screenshot_153.png
1359,714,88,456,111,491,86,Train_frames/Screenshot_153.png
1359,714,566,468,594,503,40,Train_frames/Screenshot_153.png
1359,714,1077,468,1137,509,40,Train_frames/Screenshot_153.png
1359,714,532,524,544,536,61,Train_frames/Screenshot_153.png
1359,714,37,343,92,414,40,Train_frames/Screenshot_154.png
1359,714,1247,298,1358,409,40,Train_frames/Screenshot_154.png
1359,714,1070,476,1103,507,75,Train_frames/Screenshot_154.png
1359,714,67,488,84,512,61,Train_frames/Screenshot_154.png
1359,714,685,534,697,548,61,Train_frames/Screenshot_154.png
1359,714,996,214,1091,295,37,Train_frames/Screenshot_155.png
1359,714,999,297,1097,389,75,Train_frames/Screenshot_155.png
1359,714,909,390,971,445,86,Train_frames/Screenshot_156.png
1359,714,640,423,670,451,85,Train_frames/Screenshot_156.png
1359,714,23,464,48,487,85,Train_frames/Screenshot_156.png
1359,714,799,233,866,298,85,Train_frames/Screenshot_157.png
1359,714,897,497,922,521,49,Train_frames/Screenshot_157.png
1359,714,719,454,738,476,37,Train_frames/Screenshot_157.png
1359,714,719,475,738,499,75,Train_frames/Screenshot_157.png
1359,714,966,414,1001,457,61,Train_frames/Screenshot_158.png
1359,714,1189,332,1263,412,66,Train_frames/Screenshot_159.png
1359,714,575,502,592,518,86,Train_frames/Screenshot_159.png
1359,714,318,495,335,511,86,Train_frames/Screenshot_159.png
1359,714,244,502,263,524,61,Train_frames/Screenshot_159.png
1359,714,685,343,768,426,36,Train_frames/Screenshot_16.png
1359,714,592,479,612,498,86,Train_frames/Screenshot_160.png
1359,714,251,468,271,487,86,Train_frames/Screenshot_160.png
1359,714,101,463,129,496,61,Train_frames/Screenshot_160.png
1359,714,822,200,882,254,59,Train_frames/Screenshot_161.png
1359,714,823,261,893,322,86,Train_frames/Screenshot_161.png
1359,714,571,514,587,529,42,Train_frames/Screenshot_161.png
1359,714,277,535,294,548,28,Train_frames/Screenshot_161.png
1359,714,1176,470,1239,537,58,Train_frames/Screenshot_162.png
1359,714,607,449,637,479,42,Train_frames/Screenshot_162.png
1359,714,611,499,634,524,75,Train_frames/Screenshot_162.png
1359,714,586,496,610,517,85,Train_frames/Screenshot_162.png
1359,714,87,495,113,521,28,Train_frames/Screenshot_162.png
1359,714,176,532,190,548,61,Train_frames/Screenshot_162.png
1359,714,763,216,849,293,42,Train_frames/Screenshot_163.png
1359,714,777,347,847,414,75,Train_frames/Screenshot_163.png
1359,714,667,339,719,392,37,Train_frames/Screenshot_163.png
1359,714,673,391,715,435,85,Train_frames/Screenshot_163.png
1359,714,645,534,657,549,61,Train_frames/Screenshot_163.png
1359,714,0,504,19,525,61,Train_frames/Screenshot_163.png
1359,714,1232,344,1293,412,61,Train_frames/Screenshot_164.png
1359,714,827,238,902,309,37,Train_frames/Screenshot_165.png
1359,714,829,311,913,387,75,Train_frames/Screenshot_165.png
1359,714,955,183,1076,294,30,Train_frames/Screenshot_166.png
1359,714,638,429,667,457,59,Train_frames/Screenshot_167.png
1359,714,47,384,83,418,30,Train_frames/Screenshot_167.png
1359,714,778,360,823,404,37,Train_frames/Screenshot_168.png
1359,714,777,401,824,447,75,Train_frames/Screenshot_168.png
1359,714,1262,298,1323,368,61,Train_frames/Screenshot_169.png
1359,714,1285,283,1356,350,59,Train_frames/Screenshot_17.png
1359,714,1250,445,1274,470,49,Train_frames/Screenshot_17.png
1359,714,1119,317,1171,362,42,Train_frames/Screenshot_17.png
1359,714,1121,379,1181,427,75,Train_frames/Screenshot_17.png
1359,714,1110,436,1136,461,86,Train_frames/Screenshot_17.png
1359,714,760,450,784,473,37,Train_frames/Screenshot_17.png
1359,714,761,474,788,499,55,Train_frames/Screenshot_17.png
1359,714,684,490,701,505,30,Train_frames/Screenshot_17.png
1359,714,663,469,681,485,8,Train_frames/Screenshot_17.png
1359,714,450,477,469,492,30,Train_frames/Screenshot_17.png
1359,714,806,341,863,390,59,Train_frames/Screenshot_170.png
1359,714,746,339,825,406,37,Train_frames/Screenshot_171.png
1359,714,759,410,826,466,75,Train_frames/Screenshot_171.png
1359,714,792,167,852,225,59,Train_frames/Screenshot_172.png
1359,714,793,223,859,292,85,Train_frames/Screenshot_172.png
1359,714,549,517,564,535,75,Train_frames/Screenshot_172.png
1359,714,1319,376,1357,417,85,Train_frames/Screenshot_173.png
1359,714,588,493,610,513,75,Train_frames/Screenshot_173.png
1359,714,589,462,612,485,37,Train_frames/Screenshot_173.png
1359,714,996,324,1083,406,86,Train_frames/Screenshot_174.png
1359,714,777,268,833,321,37,Train_frames/Screenshot_174.png
1359,714,778,347,835,403,75,Train_frames/Screenshot_174.png
1359,714,981,414,1019,459,61,Train_frames/Screenshot_175.png
1359,714,150,502,164,522,61,Train_frames/Screenshot_175.png
1359,714,602,502,617,521,62,Train_frames/Screenshot_175.png
1359,714,1210,342,1274,411,49,Train_frames/Screenshot_176.png
1359,714,606,502,627,522,37,Train_frames/Screenshot_176.png
1359,714,764,373,810,428,37,Train_frames/Screenshot_177.png
1359,714,986,224,1068,308,62,Train_frames/Screenshot_178.png
1359,714,1087,235,1190,328,62,Train_frames/Screenshot_179.png
1359,714,880,346,949,413,59,Train_frames/Screenshot_179.png
1359,714,840,485,860,505,49,Train_frames/Screenshot_179.png
1359,714,621,507,637,528,62,Train_frames/Screenshot_179.png
1359,714,614,478,639,498,37,Train_frames/Screenshot_179.png
1359,714,1127,288,1191,345,37,Train_frames/Screenshot_18.png
1359,714,1133,350,1206,411,75,Train_frames/Screenshot_18.png
1359,714,788,442,817,469,30,Train_frames/Screenshot_18.png
1359,714,369,411,403,442,30,Train_frames/Screenshot_18.png
1359,714,723,426,750,450,8,Train_frames/Screenshot_18.png
1359,714,775,323,830,377,37,Train_frames/Screenshot_180.png
1359,714,782,406,838,460,62,Train_frames/Screenshot_180.png
1359,714,596,474,614,493,37,Train_frames/Screenshot_181.png
1359,714,597,494,612,512,62,Train_frames/Screenshot_181.png
1359,714,204,513,225,533,24,Train_frames/Screenshot_181.png
1359,714,740,295,795,349,37,Train_frames/Screenshot_182.png
1359,714,740,348,794,404,62,Train_frames/Screenshot_182.png
1359,714,665,413,708,459,64,Train_frames/Screenshot_182.png
1359,714,667,460,702,495,24,Train_frames/Screenshot_182.png
1359,714,275,487,296,501,24,Train_frames/Screenshot_182.png
1359,714,280,500,294,516,85,Train_frames/Screenshot_182.png
1359,714,165,503,180,522,61,Train_frames/Screenshot_182.png
1359,714,613,423,642,449,24,Train_frames/Screenshot_183.png
1359,714,42,409,81,437,24,Train_frames/Screenshot_183.png
1359,714,615,448,643,472,85,Train_frames/Screenshot_183.png
1359,714,44,438,74,462,85,Train_frames/Screenshot_183.png
1359,714,70,459,91,478,85,Train_frames/Screenshot_183.png
1359,714,797,397,849,446,86,Train_frames/Screenshot_184.png
1359,714,1312,445,1345,474,85,Train_frames/Screenshot_184.png
1359,714,618,474,641,497,37,Train_frames/Screenshot_184.png
1359,714,617,496,645,524,75,Train_frames/Screenshot_184.png
1359,714,959,114,1079,214,75,Train_frames/Screenshot_185.png
1359,714,848,495,881,539,61,Train_frames/Screenshot_185.png
1359,714,27,446,60,477,30,Train_frames/Screenshot_186.png
1359,714,24,478,58,510,85,Train_frames/Screenshot_186.png
1359,714,679,490,710,521,85,Train_frames/Screenshot_186.png
1359,714,681,466,708,488,59,Train_frames/Screenshot_186.png
1359,714,637,469,663,496,37,Train_frames/Screenshot_187.png
1359,714,1095,485,1115,504,49,Train_frames/Screenshot_187.png
1359,714,638,496,666,526,75,Train_frames/Screenshot_187.png
1359,714,586,522,600,536,30,Train_frames/Screenshot_187.png
1359,714,686,373,733,414,16,Train_frames/Screenshot_189.png
1359,714,638,402,657,421,59,Train_frames/Screenshot_189.png
1359,714,636,423,665,448,86,Train_frames/Screenshot_189.png
1359,714,64,470,94,500,86,Train_frames/Screenshot_189.png
1359,714,66,444,93,471,30,Train_frames/Screenshot_189.png
1359,714,1236,43,1358,166,62,Train_frames/Screenshot_189.png
1359,714,318,419,363,459,59,Train_frames/Screenshot_19.png
1359,714,785,407,831,449,59,Train_frames/Screenshot_19.png
1359,714,321,459,354,496,30,Train_frames/Screenshot_19.png
1359,714,794,452,827,482,30,Train_frames/Screenshot_19.png
1362,710,963,8,1096,117,16,Train_frames/Screenshot_190.png
1362,710,711,267,751,304,59,Train_frames/Screenshot_190.png
1362,710,709,306,755,348,86,Train_frames/Screenshot_190.png
1362,710,789,222,860,284,55,Train_frames/Screenshot_191.png
1362,710,790,289,861,355,37,Train_frames/Screenshot_191.png
1362,710,743,310,794,362,86,Train_frames/Screenshot_192.png
1362,710,1125,474,1151,497,85,Train_frames/Screenshot_192.png
1362,710,1016,250,1096,341,61,Train_frames/Screenshot_193.png
1362,710,720,446,761,487,37,Train_frames/Screenshot_193.png
1362,710,871,244,944,310,59,Train_frames/Screenshot_194.png
1362,710,868,313,954,390,55,Train_frames/Screenshot_194.png
1362,710,765,449,790,487,28,Train_frames/Screenshot_194.png
1362,710,831,356,876,399,59,Train_frames/Screenshot_195.png
1362,710,829,399,884,451,86,Train_frames/Screenshot_195.png
1362,710,1208,482,1222,500,62,Train_frames/Screenshot_195.png
1362,710,1338,393,1361,422,85,Train_frames/Screenshot_195.png
1362,710,984,445,1027,507,58,Train_frames/Screenshot_196.png
1362,710,657,505,685,530,86,Train_frames/Screenshot_196.png
1362,710,911,400,970,458,86,Train_frames/Screenshot_197.png
1362,710,1255,480,1277,505,85,Train_frames/Screenshot_197.png
1362,710,750,447,793,488,37,Train_frames/Screenshot_198.png
1362,710,876,315,939,371,59,Train_frames/Screenshot_199.png
1362,710,673,482,694,507,53,Train_frames/Screenshot_199.png
1359,714,1216,392,1255,440,61,Train_frames/Screenshot_2.png
1359,714,1194,486,1222,509,49,Train_frames/Screenshot_20.png
1359,714,831,438,862,467,86,Train_frames/Screenshot_20.png
1359,714,339,413,378,448,86,Train_frames/Screenshot_20.png
1359,714,0,436,38,469,86,Train_frames/Screenshot_20.png
1359,714,704,489,724,510,37,Train_frames/Screenshot_20.png
1359,714,704,508,722,525,75,Train_frames/Screenshot_20.png
1362,710,1039,277,1092,350,53,Train_frames/Screenshot_200.png
1362,710,729,428,783,483,37,Train_frames/Screenshot_200.png
1362,710,824,311,921,389,24,Train_frames/Screenshot_201.png
1362,710,822,215,922,305,64,Train_frames/Screenshot_201.png
1362,710,763,449,808,491,86,Train_frames/Screenshot_202.png
1362,710,623,486,648,511,24,Train_frames/Screenshot_202.png
1362,710,622,510,647,537,47,Train_frames/Screenshot_202.png
1362,710,967,102,1110,215,24,Train_frames/Screenshot_203.png
1362,710,979,218,1122,344,47,Train_frames/Screenshot_203.png
1362,710,1013,467,1054,505,86,Train_frames/Screenshot_203.png
1362,710,643,487,660,512,86,Train_frames/Screenshot_203.png
1362,710,1224,454,1265,488,37,Train_frames/Screenshot_203.png
1362,710,1237,506,1266,535,75,Train_frames/Screenshot_203.png
1362,710,1042,229,1142,323,86,Train_frames/Screenshot_204.png
1362,710,911,434,954,476,37,Train_frames/Screenshot_205.png
1362,710,915,476,950,508,75,Train_frames/Screenshot_205.png
1362,710,900,504,924,529,62,Train_frames/Screenshot_206.png
1362,710,1193,495,1233,540,61,Train_frames/Screenshot_206.png
1362,710,773,361,842,418,17,Train_frames/Screenshot_207.png
1362,710,780,419,840,472,45,Train_frames/Screenshot_207.png
1362,710,1037,488,1057,507,59,Train_frames/Screenshot_207.png
1362,710,1039,508,1060,527,62,Train_frames/Screenshot_207.png
1362,710,752,364,795,405,59,Train_frames/Screenshot_208.png
1362,710,751,405,795,450,75,Train_frames/Screenshot_208.png
1362,710,1054,362,1101,402,59,Train_frames/Screenshot_209.png
1362,710,1058,402,1106,452,55,Train_frames/Screenshot_209.png
1362,710,951,448,968,485,28,Train_frames/Screenshot_209.png
1359,714,1301,469,1325,493,48,Train_frames/Screenshot_21.png
1359,714,1005,352,1068,412,37,Train_frames/Screenshot_21.png
1359,714,1015,413,1066,462,75,Train_frames/Screenshot_21.png
1362,710,936,433,977,473,62,Train_frames/Screenshot_210.png
1362,710,612,528,624,543,62,Train_frames/Screenshot_210.png
1362,710,874,440,912,479,30,Train_frames/Screenshot_210.png
1362,710,849,365,884,395,59,Train_frames/Screenshot_211.png
1362,710,847,396,884,432,85,Train_frames/Screenshot_211.png
1362,710,262,443,294,475,85,Train_frames/Screenshot_211.png
1362,710,132,393,167,438,61,Train_frames/Screenshot_211.png
1362,710,335,498,358,522,30,Train_frames/Screenshot_211.png
1362,710,937,423,972,456,75,Train_frames/Screenshot_212.png
1362,710,938,457,974,488,85,Train_frames/Screenshot_212.png
1362,710,828,511,843,529,62,Train_frames/Screenshot_212.png
1362,710,254,511,268,529,61,Train_frames/Screenshot_212.png
1362,710,127,463,156,489,28,Train_frames/Screenshot_212.png
1362,710,910,378,961,429,62,Train_frames/Screenshot_213.png
1362,710,763,456,796,487,37,Train_frames/Screenshot_213.png
1362,710,859,371,896,419,61,Train_frames/Screenshot_214.png
1362,710,658,517,675,535,62,Train_frames/Screenshot_214.png
1362,710,725,392,778,445,37,Train_frames/Screenshot_215.png
1362,710,900,471,919,492,62,Train_frames/Screenshot_215.png
1362,710,537,490,555,514,62,Train_frames/Screenshot_215.png
1362,710,498,521,512,536,30,Train_frames/Screenshot_215.png
1362,710,488,521,499,534,62,Train_frames/Screenshot_215.png
1362,710,868,268,963,352,62,Train_frames/Screenshot_216.png
1362,710,640,481,670,509,30,Train_frames/Screenshot_216.png
1362,710,338,470,356,486,30,Train_frames/Screenshot_216.png
1362,710,614,498,629,517,62,Train_frames/Screenshot_216.png
1362,710,121,448,142,476,61,Train_frames/Screenshot_216.png
1362,710,777,367,833,421,62,Train_frames/Screenshot_217.png
1362,710,621,448,643,471,59,Train_frames/Screenshot_217.png
1362,710,617,471,647,501,85,Train_frames/Screenshot_217.png
1362,710,121,373,156,405,30,Train_frames/Screenshot_217.png
1362,710,1048,140,1146,257,61,Train_frames/Screenshot_218.png
1362,710,568,531,583,543,37,Train_frames/Screenshot_218.png
1362,710,822,240,907,314,8,Train_frames/Screenshot_219.png
1362,710,826,311,906,385,37,Train_frames/Screenshot_219.png
1359,714,1163,475,1189,513,61,Train_frames/Screenshot_22.png
1362,710,222,480,283,531,58,Train_frames/Screenshot_220.png
1362,710,502,465,533,496,59,Train_frames/Screenshot_220.png
1362,710,627,405,667,445,85,Train_frames/Screenshot_220.png
1362,710,1084,406,1125,443,85,Train_frames/Screenshot_220.png
1362,710,895,146,1034,269,59,Train_frames/Screenshot_221.png
1362,710,405,314,475,382,59,Train_frames/Screenshot_222.png
1362,710,974,198,1040,259,37,Train_frames/Screenshot_223.png
1362,710,977,261,1041,312,55,Train_frames/Screenshot_223.png
1362,710,979,317,1048,373,85,Train_frames/Screenshot_223.png
1362,710,642,357,686,395,24,Train_frames/Screenshot_224.png
1362,710,650,396,684,426,30,Train_frames/Screenshot_224.png
1362,710,233,458,266,488,30,Train_frames/Screenshot_224.png
1362,710,163,442,223,500,41,Train_frames/Screenshot_224.png
1362,710,902,500,919,521,37,Train_frames/Screenshot_224.png
1362,710,758,502,768,517,85,Train_frames/Screenshot_224.png
1362,710,575,515,585,526,55,Train_frames/Screenshot_224.png
1362,710,819,43,931,139,24,Train_frames/Screenshot_225.png
1362,710,1220,408,1250,442,37,Train_frames/Screenshot_225.png
1362,710,1017,429,1035,457,75,Train_frames/Screenshot_225.png
1362,710,1020,459,1038,481,85,Train_frames/Screenshot_225.png
1362,710,837,484,853,507,85,Train_frames/Screenshot_225.png
1362,710,839,143,926,218,30,Train_frames/Screenshot_225.png
1362,710,690,509,705,522,24,Train_frames/Screenshot_225.png
1362,710,578,495,593,510,24,Train_frames/Screenshot_225.png
1362,710,581,509,592,522,55,Train_frames/Screenshot_225.png
1362,710,440,525,450,539,75,Train_frames/Screenshot_225.png
1362,710,256,469,289,499,55,Train_frames/Screenshot_226.png
1362,710,646,443,675,472,55,Train_frames/Screenshot_226.png
1362,710,894,471,927,501,24,Train_frames/Screenshot_226.png
1362,710,643,408,680,443,24,Train_frames/Screenshot_226.png
1362,710,596,498,613,514,59,Train_frames/Screenshot_226.png
1362,710,425,512,445,533,40,Train_frames/Screenshot_226.png
1362,710,764,526,776,544,85,Train_frames/Screenshot_226.png
1362,710,1011,496,1024,520,28,Train_frames/Screenshot_226.png
1362,710,574,531,586,546,61,Train_frames/Screenshot_226.png
1362,710,946,116,1059,218,59,Train_frames/Screenshot_227.png
1362,710,969,224,1055,301,37,Train_frames/Screenshot_227.png
1362,710,686,437,716,475,61,Train_frames/Screenshot_227.png
1362,710,148,366,209,431,40,Train_frames/Screenshot_227.png
1362,710,1218,398,1253,440,42,Train_frames/Screenshot_228.png
1362,710,949,492,979,523,85,Train_frames/Screenshot_229.png
1362,710,813,475,829,495,62,Train_frames/Screenshot_229.png
1362,710,894,492,916,517,76,Train_frames/Screenshot_229.png
1362,710,604,470,633,497,64,Train_frames/Screenshot_229.png
1362,710,608,496,633,519,24,Train_frames/Screenshot_229.png
1362,710,600,510,616,526,53,Train_frames/Screenshot_229.png
1362,710,329,531,349,552,58,Train_frames/Screenshot_229.png
1362,710,747,385,803,438,64,Train_frames/Screenshot_230.png
1362,710,869,509,892,535,24,Train_frames/Screenshot_230.png
1362,710,749,439,802,485,24,Train_frames/Screenshot_230.png
1362,710,690,452,722,482,24,Train_frames/Screenshot_230.png
1362,710,694,483,721,509,53,Train_frames/Screenshot_230.png
1362,710,227,511,264,543,58,Train_frames/Screenshot_230.png
1362,710,864,193,972,286,24,Train_frames/Screenshot_231.png
1362,710,886,291,973,362,53,Train_frames/Screenshot_231.png
1362,710,806,384,842,417,85,Train_frames/Screenshot_232.png
1362,710,64,355,107,394,85,Train_frames/Screenshot_232.png
1362,710,260,515,287,536,24,Train_frames/Screenshot_232.png
1362,710,1225,416,1286,463,37,Train_frames/Screenshot_233.png
1362,710,1236,465,1293,504,75,Train_frames/Screenshot_233.png
1362,710,976,291,1023,335,59,Train_frames/Screenshot_234.png
1362,710,977,336,1024,383,30,Train_frames/Screenshot_234.png
1362,710,979,382,1036,430,62,Train_frames/Screenshot_234.png
1362,710,325,461,349,480,30,Train_frames/Screenshot_234.png
1362,710,738,431,767,458,85,Train_frames/Screenshot_234.png
1362,710,228,439,262,465,85,Train_frames/Screenshot_234.png
1362,710,1015,353,1081,427,66,Train_frames/Screenshot_236.png
1362,710,1003,472,1023,494,42,Train_frames/Screenshot_238.png
1362,710,923,396,974,443,62,Train_frames/Screenshot_238.png
1362,710,1290,472,1307,495,62,Train_frames/Screenshot_238.png
1362,710,767,385,791,409,59,Train_frames/Screenshot_238.png
1362,710,765,410,797,439,85,Train_frames/Screenshot_238.png
1362,710,1159,430,1186,459,42,Train_frames/Screenshot_239.png
1362,710,888,278,933,317,59,Train_frames/Screenshot_239.png
1362,710,890,319,939,363,85,Train_frames/Screenshot_239.png
1359,714,627,510,640,526,37,Train_frames/Screenshot_24.png
1359,714,1293,466,1322,494,49,Train_frames/Screenshot_24.png
1362,710,1123,351,1204,416,2,Train_frames/Screenshot_240.png
1362,710,428,517,445,531,64,Train_frames/Screenshot_240.png
1362,710,430,530,443,542,24,Train_frames/Screenshot_240.png
1362,710,198,416,247,458,64,Train_frames/Screenshot_241.png
1362,710,913,398,959,442,64,Train_frames/Screenshot_241.png
1362,710,199,459,244,496,24,Train_frames/Screenshot_241.png
1362,710,911,444,957,483,24,Train_frames/Screenshot_241.png
1362,710,973,504,988,517,24,Train_frames/Screenshot_241.png
1362,710,975,521,992,534,47,Train_frames/Screenshot_241.png
1362,710,703,523,718,537,47,Train_frames/Screenshot_241.png
1362,710,817,452,852,483,24,Train_frames/Screenshot_242.png
1362,710,115,445,156,478,24,Train_frames/Screenshot_242.png
1362,710,15,497,38,519,24,Train_frames/Screenshot_242.png
1362,710,12,521,35,541,47,Train_frames/Screenshot_242.png
1362,710,111,480,154,517,47,Train_frames/Screenshot_242.png
1362,710,821,485,855,521,47,Train_frames/Screenshot_242.png
1362,710,851,474,894,514,41,Train_frames/Screenshot_242.png
1362,710,773,459,795,481,85,Train_frames/Screenshot_242.png
1362,710,245,452,271,476,85,Train_frames/Screenshot_242.png
1362,710,175,316,220,359,42,Train_frames/Screenshot_243.png
1362,710,1290,258,1350,308,42,Train_frames/Screenshot_243.png
1362,710,1049,381,1094,421,85,Train_frames/Screenshot_243.png
1362,710,273,393,314,434,85,Train_frames/Screenshot_243.png
1362,710,866,488,893,512,75,Train_frames/Screenshot_243.png
1362,710,866,464,890,489,37,Train_frames/Screenshot_243.png
1362,710,761,514,774,525,62,Train_frames/Screenshot_243.png
1362,710,1197,375,1251,432,37,Train_frames/Screenshot_244.png
1362,710,1206,432,1253,471,62,Train_frames/Screenshot_244.png
1362,710,803,384,835,416,26,Train_frames/Screenshot_245.png
1362,710,806,434,838,463,37,Train_frames/Screenshot_245.png
1362,710,656,503,671,520,62,Train_frames/Screenshot_245.png
1362,710,1020,376,1061,421,37,Train_frames/Screenshot_246.png
1362,710,721,507,733,525,61,Train_frames/Screenshot_246.png
1362,710,1163,292,1233,360,61,Train_frames/Screenshot_247.png
1362,710,427,509,439,522,85,Train_frames/Screenshot_247.png
1362,710,816,400,851,430,85,Train_frames/Screenshot_248.png
1362,710,141,391,181,427,85,Train_frames/Screenshot_248.png
1362,710,934,399,983,441,62,Train_frames/Screenshot_248.png
1362,710,674,501,687,516,62,Train_frames/Screenshot_248.png
1362,710,587,523,596,536,62,Train_frames/Screenshot_248.png
1362,710,586,539,596,549,62,Train_frames/Screenshot_248.png
1362,710,968,336,1033,393,30,Train_frames/Screenshot_249.png
1362,710,1021,481,1053,524,61,Train_frames/Screenshot_249.png
1359,714,930,386,989,440,37,Train_frames/Screenshot_25.png
1362,710,862,390,894,418,59,Train_frames/Screenshot_250.png
1362,710,862,420,899,453,85,Train_frames/Screenshot_250.png
1362,710,151,463,189,499,85,Train_frames/Screenshot_250.png
1362,710,154,417,189,450,30,Train_frames/Screenshot_250.png
1362,710,283,545,300,558,28,Train_frames/Screenshot_250.png
1362,710,1009,263,1084,327,37,Train_frames/Screenshot_251.png
1362,710,1030,329,1084,378,62,Train_frames/Screenshot_251.png
1362,710,792,472,818,497,64,Train_frames/Screenshot_251.png
1362,710,794,497,818,519,24,Train_frames/Screenshot_251.png
1362,710,699,512,711,524,24,Train_frames/Screenshot_251.png
1362,710,448,524,460,536,24,Train_frames/Screenshot_251.png
1362,710,281,510,297,521,24,Train_frames/Screenshot_251.png
1362,710,697,525,712,537,47,Train_frames/Screenshot_251.png
1362,710,446,536,461,551,47,Train_frames/Screenshot_251.png
1362,710,282,522,297,534,47,Train_frames/Screenshot_251.png
1362,710,927,396,977,440,64,Train_frames/Screenshot_252.png
1362,710,929,441,978,483,24,Train_frames/Screenshot_252.png
1362,710,680,496,698,511,24,Train_frames/Screenshot_252.png
1362,710,353,508,371,524,24,Train_frames/Screenshot_252.png
1362,710,139,486,155,500,24,Train_frames/Screenshot_252.png
1362,710,682,511,699,528,47,Train_frames/Screenshot_252.png
1362,710,353,526,371,541,47,Train_frames/Screenshot_252.png
1362,710,138,501,157,518,47,Train_frames/Screenshot_252.png
1362,710,852,383,897,422,24,Train_frames/Screenshot_253.png
1362,710,857,423,903,468,47,Train_frames/Screenshot_253.png
1362,710,1033,422,1067,460,37,Train_frames/Screenshot_254.png
1362,710,1036,457,1076,497,75,Train_frames/Screenshot_254.png
1362,710,1013,277,1099,353,37,Train_frames/Screenshot_255.png
1362,710,1031,355,1103,413,62,Train_frames/Screenshot_255.png
1362,710,944,442,971,474,62,Train_frames/Screenshot_255.png
1362,710,686,518,697,532,62,Train_frames/Screenshot_255.png
1362,710,672,494,687,508,59,Train_frames/Screenshot_255.png
1362,710,424,498,433,507,59,Train_frames/Screenshot_255.png
1362,710,1061,351,1125,405,59,Train_frames/Screenshot_256.png
1362,710,882,374,929,419,37,Train_frames/Screenshot_257.png
1362,710,891,437,931,492,63,Train_frames/Screenshot_257.png
1362,710,866,391,909,429,64,Train_frames/Screenshot_258.png
1362,710,867,429,911,464,24,Train_frames/Screenshot_258.png
1362,710,748,519,761,533,24,Train_frames/Screenshot_258.png
1362,710,748,531,762,544,47,Train_frames/Screenshot_258.png
1362,710,775,482,800,503,24,Train_frames/Screenshot_259.png
1362,710,776,506,802,530,47,Train_frames/Screenshot_259.png
1362,710,392,503,415,523,47,Train_frames/Screenshot_259.png
1362,710,392,482,417,503,24,Train_frames/Screenshot_259.png
1362,710,86,491,112,515,24,Train_frames/Screenshot_259.png
1362,710,88,515,115,540,47,Train_frames/Screenshot_259.png
1362,710,230,528,246,551,71,Train_frames/Screenshot_259.png
1359,714,811,441,844,473,5,Train_frames/Screenshot_26.png
1359,714,188,409,234,449,5,Train_frames/Screenshot_26.png
1362,710,1158,415,1205,463,63,Train_frames/Screenshot_260.png
1362,710,1124,483,1160,517,75,Train_frames/Screenshot_260.png
1362,710,917,543,927,554,37,Train_frames/Screenshot_260.png
1362,710,985,211,1060,279,30,Train_frames/Screenshot_261.png
1362,710,1000,280,1061,348,63,Train_frames/Screenshot_261.png
1362,710,1002,347,1063,396,62,Train_frames/Screenshot_261.png
1362,710,700,505,719,527,37,Train_frames/Screenshot_261.png
1362,710,663,529,677,544,59,Train_frames/Screenshot_261.png
1362,710,646,494,661,511,85,Train_frames/Screenshot_261.png
1362,710,402,523,415,535,30,Train_frames/Screenshot_261.png
1362,710,364,494,382,512,85,Train_frames/Screenshot_261.png
1362,710,1041,381,1082,439,37,Train_frames/Screenshot_262.png
1362,710,935,396,987,446,62,Train_frames/Screenshot_262.png
1362,710,788,492,811,515,59,Train_frames/Screenshot_262.png
1362,710,364,477,383,493,59,Train_frames/Screenshot_262.png
1362,710,363,494,383,510,30,Train_frames/Screenshot_262.png
1362,710,764,428,790,455,85,Train_frames/Screenshot_262.png
1362,710,254,422,288,454,85,Train_frames/Screenshot_262.png
1362,710,285,467,310,490,85,Train_frames/Screenshot_262.png
1362,710,599,541,613,554,37,Train_frames/Screenshot_262.png
1362,710,965,422,1011,461,85,Train_frames/Screenshot_263.png
1362,710,726,496,758,528,37,Train_frames/Screenshot_263.png
1362,710,686,515,707,536,62,Train_frames/Screenshot_263.png
1362,710,636,526,651,542,30,Train_frames/Screenshot_263.png
1362,710,600,536,614,552,37,Train_frames/Screenshot_263.png
1362,710,960,424,999,461,30,Train_frames/Screenshot_264.png
1362,710,807,475,834,503,37,Train_frames/Screenshot_264.png
1362,710,810,503,834,525,62,Train_frames/Screenshot_264.png
1362,710,1159,401,1199,448,61,Train_frames/Screenshot_265.png
1362,710,830,408,879,455,30,Train_frames/Screenshot_266.png
1362,710,1050,201,1127,268,42,Train_frames/Screenshot_267.png
1362,710,1063,317,1137,389,37,Train_frames/Screenshot_267.png
1362,710,1075,391,1137,447,75,Train_frames/Screenshot_267.png
1362,710,864,453,893,483,62,Train_frames/Screenshot_267.png
1362,710,651,521,667,534,64,Train_frames/Screenshot_267.png
1362,710,652,533,665,544,24,Train_frames/Screenshot_267.png
1362,710,415,478,432,496,64,Train_frames/Screenshot_267.png
1362,710,411,496,433,516,24,Train_frames/Screenshot_267.png
1362,710,411,517,428,532,30,Train_frames/Screenshot_267.png
1362,710,92,367,146,413,64,Train_frames/Screenshot_268.png
1362,710,578,502,597,519,64,Train_frames/Screenshot_268.png
1362,710,90,412,139,453,24,Train_frames/Screenshot_268.png
1362,710,578,518,594,534,24,Train_frames/Screenshot_268.png
1362,710,88,454,127,488,30,Train_frames/Screenshot_268.png
1362,710,636,501,650,517,62,Train_frames/Screenshot_268.png
1362,710,527,521,540,535,62,Train_frames/Screenshot_268.png
1362,710,675,299,725,348,85,Train_frames/Screenshot_269.png
1362,710,592,459,625,483,24,Train_frames/Screenshot_269.png
1362,710,116,416,149,443,24,Train_frames/Screenshot_269.png
1362,710,119,444,145,466,47,Train_frames/Screenshot_269.png
1362,710,598,482,627,511,47,Train_frames/Screenshot_269.png
1362,710,116,469,143,494,30,Train_frames/Screenshot_269.png
1362,710,239,559,253,572,28,Train_frames/Screenshot_269.png
1359,714,951,309,991,354,55,Train_frames/Screenshot_27.png
1359,714,761,489,780,505,64,Train_frames/Screenshot_27.png
1359,714,438,494,454,508,64,Train_frames/Screenshot_27.png
1359,714,436,508,455,523,24,Train_frames/Screenshot_27.png
1359,714,762,505,779,522,24,Train_frames/Screenshot_27.png
1362,710,1147,352,1205,397,37,Train_frames/Screenshot_270.png
1362,710,964,150,1073,250,59,Train_frames/Screenshot_271.png
1362,710,985,251,1062,319,55,Train_frames/Screenshot_271.png
1362,710,946,417,962,449,28,Train_frames/Screenshot_271.png
1362,710,854,380,875,430,28,Train_frames/Screenshot_271.png
1362,710,694,464,723,493,30,Train_frames/Screenshot_271.png
1362,710,818,360,885,422,30,Train_frames/Screenshot_272.png
1362,710,744,304,779,340,59,Train_frames/Screenshot_273.png
1362,710,742,378,783,418,85,Train_frames/Screenshot_273.png
1362,710,1071,443,1100,472,37,Train_frames/Screenshot_274.png
1362,710,549,470,575,497,37,Train_frames/Screenshot_274.png
1362,710,170,515,199,543,28,Train_frames/Screenshot_274.png
1362,710,455,475,482,505,85,Train_frames/Screenshot_274.png
1362,710,1006,476,1053,516,85,Train_frames/Screenshot_274.png
1362,710,1073,484,1104,515,75,Train_frames/Screenshot_274.png
1362,710,1012,402,1069,454,37,Train_frames/Screenshot_275.png
1362,710,1032,413,1088,460,85,Train_frames/Screenshot_276.png
1362,710,875,495,900,517,59,Train_frames/Screenshot_276.png
1362,710,953,491,977,511,3,Train_frames/Screenshot_277.png
1362,710,952,510,975,529,35,Train_frames/Screenshot_277.png
1362,710,604,485,633,512,85,Train_frames/Screenshot_277.png
1362,710,941,520,957,536,62,Train_frames/Screenshot_277.png
1362,710,692,506,708,524,62,Train_frames/Screenshot_277.png
1362,710,1053,421,1086,453,75,Train_frames/Screenshot_277.png
1362,710,1054,467,1090,498,85,Train_frames/Screenshot_277.png
1362,710,859,338,911,388,37,Train_frames/Screenshot_278.png
1362,710,134,451,157,473,37,Train_frames/Screenshot_278.png
1362,710,130,470,156,493,75,Train_frames/Screenshot_278.png
1362,710,127,496,153,517,85,Train_frames/Screenshot_278.png
1362,710,1022,467,1045,489,86,Train_frames/Screenshot_278.png
1362,710,1010,214,1091,296,52,Train_frames/Screenshot_279.png
1362,710,744,419,780,465,62,Train_frames/Screenshot_279.png
1359,714,971,409,1012,444,64,Train_frames/Screenshot_28.png
1359,714,278,406,320,446,64,Train_frames/Screenshot_28.png
1359,714,275,445,317,480,24,Train_frames/Screenshot_28.png
1359,714,973,444,1014,478,24,Train_frames/Screenshot_28.png
1359,714,858,480,876,503,62,Train_frames/Screenshot_28.png
1359,714,345,494,364,505,24,Train_frames/Screenshot_28.png
1359,714,542,488,556,505,24,Train_frames/Screenshot_28.png
1359,714,783,487,797,500,24,Train_frames/Screenshot_28.png
1359,714,543,503,556,515,47,Train_frames/Screenshot_28.png
1359,714,785,500,798,513,47,Train_frames/Screenshot_28.png
1362,710,800,197,867,254,16,Train_frames/Screenshot_280.png
1362,710,811,336,869,390,37,Train_frames/Screenshot_280.png
1362,710,678,535,696,554,61,Train_frames/Screenshot_280.png
1362,710,1028,441,1084,510,61,Train_frames/Screenshot_281.png
1362,710,1170,1,1317,112,55,Train_frames/Screenshot_282.png
1362,710,1190,114,1353,255,62,Train_frames/Screenshot_282.png
1362,710,661,465,687,499,62,Train_frames/Screenshot_282.png
1362,710,634,474,653,491,59,Train_frames/Screenshot_282.png
1362,710,634,495,657,519,85,Train_frames/Screenshot_282.png
1362,710,313,500,340,525,85,Train_frames/Screenshot_282.png
1362,710,278,517,310,545,58,Train_frames/Screenshot_282.png
1362,710,943,239,1033,330,37,Train_frames/Screenshot_283.png
1362,710,788,318,850,389,62,Train_frames/Screenshot_283.png
1362,710,793,341,845,397,37,Train_frames/Screenshot_284.png
1362,710,795,400,847,447,30,Train_frames/Screenshot_284.png
1362,710,829,358,892,415,30,Train_frames/Screenshot_285.png
1362,710,965,178,1064,267,37,Train_frames/Screenshot_286.png
1359,714,1031,476,1062,510,67,Train_frames/Screenshot_3.png
1359,714,994,381,1039,418,24,Train_frames/Screenshot_30.png
1359,714,125,364,179,407,24,Train_frames/Screenshot_30.png
1359,714,124,409,175,454,47,Train_frames/Screenshot_30.png
1359,714,996,419,1042,458,47,Train_frames/Screenshot_30.png
1359,714,126,455,167,492,86,Train_frames/Screenshot_30.png
1359,714,1005,457,1041,490,86,Train_frames/Screenshot_30.png
1359,714,1118,305,1176,354,42,Train_frames/Screenshot_32.png
1359,714,805,459,833,486,86,Train_frames/Screenshot_32.png
1359,714,122,430,164,469,86,Train_frames/Screenshot_32.png
1359,714,699,468,722,492,37,Train_frames/Screenshot_32.png
1359,714,703,503,722,524,75,Train_frames/Screenshot_32.png
1359,714,392,490,416,511,40,Train_frames/Screenshot_32.png
1359,714,1061,298,1127,363,37,Train_frames/Screenshot_33.png
1359,714,1074,398,1132,455,75,Train_frames/Screenshot_33.png
1359,714,757,464,779,496,40,Train_frames/Screenshot_33.png
1359,714,327,435,368,473,40,Train_frames/Screenshot_33.png
1359,714,1170,258,1293,368,40,Train_frames/Screenshot_34.png
1359,714,1029,376,1075,427,61,Train_frames/Screenshot_35.png
1359,714,728,473,754,498,59,Train_frames/Screenshot_35.png
1359,714,734,457,749,475,75,Train_frames/Screenshot_35.png
1359,714,690,494,702,509,75,Train_frames/Screenshot_35.png
1359,714,627,475,638,489,62,Train_frames/Screenshot_35.png
1359,714,627,502,639,514,62,Train_frames/Screenshot_35.png
1359,714,1064,427,1096,462,49,Train_frames/Screenshot_36.png
1359,714,969,315,1017,365,55,Train_frames/Screenshot_36.png
1359,714,959,364,1026,424,59,Train_frames/Screenshot_36.png
1359,714,975,424,1000,472,28,Train_frames/Screenshot_36.png
1359,714,759,454,786,481,75,Train_frames/Screenshot_36.png
1359,714,630,436,648,459,62,Train_frames/Screenshot_36.png
1359,714,628,480,650,502,62,Train_frames/Screenshot_36.png
1359,714,684,361,727,404,37,Train_frames/Screenshot_38.png
1359,714,690,425,723,459,62,Train_frames/Screenshot_38.png
1359,714,854,445,890,481,49,Train_frames/Screenshot_39.png
1359,714,817,343,851,374,59,Train_frames/Screenshot_39.png
1359,714,817,374,854,409,85,Train_frames/Screenshot_39.png
1359,714,182,341,224,381,85,Train_frames/Screenshot_39.png
1359,714,128,337,171,375,85,Train_frames/Screenshot_39.png
1359,714,582,481,601,502,37,Train_frames/Screenshot_39.png
1359,714,584,510,600,527,75,Train_frames/Screenshot_39.png
1359,714,1268,453,1289,487,40,Train_frames/Screenshot_4.png
1359,714,1107,451,1141,487,59,Train_frames/Screenshot_4.png
1359,714,420,427,447,454,30,Train_frames/Screenshot_4.png
1359,714,217,521,235,542,28,Train_frames/Screenshot_4.png
1359,714,1191,465,1207,486,52,Train_frames/Screenshot_4.png
1359,714,938,32,1062,156,37,Train_frames/Screenshot_40.png
1359,714,969,215,1077,314,75,Train_frames/Screenshot_40.png
1359,714,860,331,905,372,30,Train_frames/Screenshot_41.png
1359,714,1002,385,1056,441,49,Train_frames/Screenshot_42.png
1359,714,683,430,700,445,59,Train_frames/Screenshot_42.png
1359,714,680,445,702,462,86,Train_frames/Screenshot_42.png
1359,714,600,506,608,520,37,Train_frames/Screenshot_42.png
1359,714,364,432,383,450,30,Train_frames/Screenshot_42.png
1359,714,361,449,384,467,86,Train_frames/Screenshot_42.png
1359,714,245,514,263,530,28,Train_frames/Screenshot_42.png
1359,714,919,236,959,274,59,Train_frames/Screenshot_43.png
1359,714,918,275,964,318,86,Train_frames/Screenshot_43.png
1359,714,62,261,118,310,86,Train_frames/Screenshot_43.png
1359,714,68,212,124,261,30,Train_frames/Screenshot_43.png
1359,714,98,484,121,507,28,Train_frames/Screenshot_43.png
1359,714,712,481,728,497,86,Train_frames/Screenshot_43.png
1359,714,751,496,764,509,48,Train_frames/Screenshot_43.png
1359,714,627,481,641,494,37,Train_frames/Screenshot_43.png
1359,714,628,501,641,513,75,Train_frames/Screenshot_43.png
1359,714,377,488,393,503,86,Train_frames/Screenshot_43.png
1359,714,376,503,391,517,58,Train_frames/Screenshot_43.png
1359,714,686,466,711,487,37,Train_frames/Screenshot_44.png
1359,714,691,499,711,519,75,Train_frames/Screenshot_44.png
1359,714,897,449,930,477,86,Train_frames/Screenshot_44.png
1359,714,905,491,924,510,48,Train_frames/Screenshot_44.png
1359,714,179,460,212,491,86,Train_frames/Screenshot_44.png
1359,714,177,490,211,521,58,Train_frames/Screenshot_44.png
1359,714,896,345,951,396,37,Train_frames/Screenshot_45.png
1359,714,909,421,953,463,75,Train_frames/Screenshot_45.png
1359,714,1203,455,1231,483,48,Train_frames/Screenshot_46.png
1359,714,1101,492,1126,525,61,Train_frames/Screenshot_47.png
1359,714,1076,453,1108,485,48,Train_frames/Screenshot_48.png
1359,714,848,183,920,254,62,Train_frames/Screenshot_188.png
1359,714,852,286,924,375,62,Train_frames/Screenshot_188.png
1359,714,623,499,641,523,62,Train_frames/Screenshot_188.png
1359,714,947,400,977,435,61,Train_frames/Screenshot_23.png
1362,710,1061,376,1131,436,62,Train_frames/Screenshot_235.png
1362,710,115,406,148,448,61,Train_frames/Screenshot_237.png
1359,714,1211,406,1259,457,62,Train_frames/Screenshot_29.png
1359,714,796,478,816,495,24,Train_frames/Screenshot_29.png
1359,714,415,479,437,499,24,Train_frames/Screenshot_29.png
1359,714,72,479,99,500,24,Train_frames/Screenshot_29.png
1359,714,796,496,818,513,47,Train_frames/Screenshot_29.png
1359,714,416,501,434,518,47,Train_frames/Screenshot_29.png
1359,714,72,501,98,522,47,Train_frames/Screenshot_29.png
1359,714,73,522,91,541,86,Train_frames/Screenshot_29.png
1359,714,802,514,817,531,86,Train_frames/Screenshot_29.png
1359,714,626,494,641,514,62,Train_frames/Screenshot_31.png
1359,714,57,483,83,507,62,Train_frames/Screenshot_31.png
1359,714,1302,453,1339,488,86,Train_frames/Screenshot_31.png
1359,714,419,500,432,512,42,Train_frames/Screenshot_31.png
1359,714,1127,309,1189,373,75,Train_frames/Screenshot_37.png
1359,714,723,336,761,380,62,Train_frames/Screenshot_37.png
1359,714,724,416,765,451,62,Train_frames/Screenshot_37.png
1359,714,864,381,891,403,59,Train_frames/Screenshot_49.png
1359,714,867,402,895,427,85,Train_frames/Screenshot_49.png
1359,714,247,399,280,429,85,Train_frames/Screenshot_49.png
1359,714,116,390,146,419,85,Train_frames/Screenshot_49.png
1359,714,789,517,804,532,48,Train_frames/Screenshot_49.png
1359,714,471,526,481,536,64,Train_frames/Screenshot_49.png
1359,714,1136,480,1162,507,49,Train_frames/Screenshot_5.png
1359,714,1030,424,1069,461,86,Train_frames/Screenshot_5.png
1359,714,347,440,388,478,86,Train_frames/Screenshot_5.png
1359,714,849,497,872,521,37,Train_frames/Screenshot_5.png
1359,714,1213,386,1271,436,86,Train_frames/Screenshot_50.png
1359,714,949,492,974,515,48,Train_frames/Screenshot_50.png
1359,714,693,462,716,485,37,Train_frames/Screenshot_50.png
1359,714,695,496,714,513,75,Train_frames/Screenshot_50.png
1359,714,121,417,166,458,64,Train_frames/Screenshot_51.png
1359,714,801,422,836,456,64,Train_frames/Screenshot_51.png
1359,714,800,455,835,487,24,Train_frames/Screenshot_51.png
1359,714,119,456,163,492,24,Train_frames/Screenshot_51.png
1359,714,351,520,361,531,24,Train_frames/Screenshot_51.png
1359,714,348,530,359,540,47,Train_frames/Screenshot_51.png
1359,714,492,527,503,539,47,Train_frames/Screenshot_51.png
1359,714,492,517,501,527,24,Train_frames/Screenshot_51.png
1359,714,901,404,930,432,86,Train_frames/Screenshot_52.png
1359,714,248,391,278,419,86,Train_frames/Screenshot_52.png
1359,714,398,461,427,482,24,Train_frames/Screenshot_52.png
1359,714,871,461,902,483,24,Train_frames/Screenshot_52.png
1359,714,398,483,426,508,47,Train_frames/Screenshot_52.png
1359,714,877,484,902,508,47,Train_frames/Screenshot_52.png
1359,714,1100,282,1153,333,86,Train_frames/Screenshot_53.png
1359,714,905,438,946,469,24,Train_frames/Screenshot_53.png
1359,714,74,412,129,454,24,Train_frames/Screenshot_53.png
1359,714,910,470,950,509,47,Train_frames/Screenshot_53.png
1359,714,72,455,126,499,47,Train_frames/Screenshot_53.png
1359,714,1280,314,1356,397,86,Train_frames/Screenshot_54.png
1359,714,7,534,26,550,86,Train_frames/Screenshot_54.png
1359,714,623,490,650,511,86,Train_frames/Screenshot_55.png
1359,714,133,485,160,510,86,Train_frames/Screenshot_55.png
1359,714,1188,283,1229,382,28,Train_frames/Screenshot_55.png
1359,714,496,499,521,519,37,Train_frames/Screenshot_55.png
1359,714,1310,347,1356,409,86,Train_frames/Screenshot_56.png
1359,714,810,430,850,468,37,Train_frames/Screenshot_56.png
1359,714,39,355,89,405,86,Train_frames/Screenshot_56.png
1359,714,962,378,1006,427,63,Train_frames/Screenshot_57.png
1359,714,789,508,805,526,59,Train_frames/Screenshot_57.png
1359,714,827,427,876,478,59,Train_frames/Screenshot_58.png
1359,714,259,509,288,536,58,Train_frames/Screenshot_58.png
1359,714,1128,423,1162,455,49,Train_frames/Screenshot_59.png
1359,714,680,442,706,467,37,Train_frames/Screenshot_59.png
1359,714,636,490,652,506,30,Train_frames/Screenshot_59.png
1359,714,964,467,994,494,37,Train_frames/Screenshot_6.png
1359,714,962,494,995,524,75,Train_frames/Screenshot_6.png
1359,714,189,312,260,380,86,Train_frames/Screenshot_6.png
1359,714,1002,252,1079,322,30,Train_frames/Screenshot_60.png
1359,714,375,483,390,501,30,Train_frames/Screenshot_60.png
1359,714,377,499,393,514,86,Train_frames/Screenshot_60.png
1359,714,622,475,637,490,86,Train_frames/Screenshot_60.png
1359,714,620,461,639,476,59,Train_frames/Screenshot_60.png
1359,714,266,506,278,518,48,Train_frames/Screenshot_60.png
1359,714,790,321,837,364,59,Train_frames/Screenshot_61.png
1359,714,798,364,833,399,86,Train_frames/Screenshot_61.png
1359,714,116,405,158,443,86,Train_frames/Screenshot_61.png
1359,714,117,357,157,404,30,Train_frames/Screenshot_61.png
1359,714,111,470,129,487,49,Train_frames/Screenshot_61.png
1359,714,595,456,617,472,13,Train_frames/Screenshot_62.png
1359,714,673,495,697,519,86,Train_frames/Screenshot_62.png
1359,714,1073,388,1131,473,58,Train_frames/Screenshot_62.png
1359,714,595,479,615,495,37,Train_frames/Screenshot_62.png
1359,714,1229,375,1283,434,86,Train_frames/Screenshot_63.png
1359,714,659,504,681,525,86,Train_frames/Screenshot_63.png
1359,714,882,447,910,505,58,Train_frames/Screenshot_63.png
1359,714,595,467,612,481,13,Train_frames/Screenshot_63.png
1359,714,593,488,612,504,37,Train_frames/Screenshot_63.png
1359,714,682,320,722,352,13,Train_frames/Screenshot_64.png
1359,714,1091,299,1186,379,86,Train_frames/Screenshot_64.png
1359,714,678,366,725,408,37,Train_frames/Screenshot_64.png
1359,714,592,504,604,517,62,Train_frames/Screenshot_64.png
1359,714,1053,220,1149,301,62,Train_frames/Screenshot_65.png
1359,714,377,528,394,545,58,Train_frames/Screenshot_65.png
1359,714,281,503,311,532,58,Train_frames/Screenshot_66.png
1359,714,792,446,827,476,62,Train_frames/Screenshot_67.png
1359,714,674,454,688,469,86,Train_frames/Screenshot_67.png
1359,714,442,467,461,484,86,Train_frames/Screenshot_67.png
1359,714,657,487,670,501,37,Train_frames/Screenshot_67.png
1359,714,934,346,970,380,86,Train_frames/Screenshot_68.png
1359,714,428,362,463,395,86,Train_frames/Screenshot_68.png
1359,714,816,478,836,498,62,Train_frames/Screenshot_68.png
1359,714,812,440,838,466,37,Train_frames/Screenshot_68.png
1359,714,1026,320,1085,377,37,Train_frames/Screenshot_69.png
1359,714,1037,403,1090,450,62,Train_frames/Screenshot_69.png
1359,714,780,446,803,468,59,Train_frames/Screenshot_7.png
1359,714,778,468,808,496,86,Train_frames/Screenshot_7.png
1359,714,58,426,93,459,86,Train_frames/Screenshot_7.png
1359,714,209,547,224,561,28,Train_frames/Screenshot_7.png
1359,714,1061,420,1103,454,62,Train_frames/Screenshot_70.png
1359,714,733,429,752,448,37,Train_frames/Screenshot_70.png
1359,714,662,495,682,513,24,Train_frames/Screenshot_70.png
1359,714,662,478,683,495,64,Train_frames/Screenshot_70.png
1359,714,974,299,1016,337,37,Train_frames/Screenshot_71.png
1359,714,777,426,808,458,64,Train_frames/Screenshot_71.png
1359,714,778,458,807,485,24,Train_frames/Screenshot_71.png
1359,714,862,271,921,319,24,Train_frames/Screenshot_72.png
1359,714,874,319,916,360,86,Train_frames/Screenshot_72.png
1359,714,164,537,177,556,58,Train_frames/Screenshot_72.png
1359,714,90,512,102,535,28,Train_frames/Screenshot_72.png
1359,714,715,399,743,423,13,Train_frames/Screenshot_73.png
1359,714,964,438,1006,478,86,Train_frames/Screenshot_73.png
1359,714,715,434,746,461,37,Train_frames/Screenshot_73.png
1359,714,1097,336,1172,398,55,Train_frames/Screenshot_74.png
1359,714,799,396,833,435,62,Train_frames/Screenshot_74.png
1359,714,675,487,692,506,62,Train_frames/Screenshot_74.png
1359,714,693,474,712,491,30,Train_frames/Screenshot_74.png
1359,714,456,540,470,552,58,Train_frames/Screenshot_74.png
1359,714,1011,345,1062,393,30,Train_frames/Screenshot_75.png
1359,714,902,410,943,459,62,Train_frames/Screenshot_75.png
1359,714,451,537,469,552,58,Train_frames/Screenshot_75.png
1359,714,233,418,312,490,58,Train_frames/Screenshot_76.png
1359,714,461,407,482,426,30,Train_frames/Screenshot_76.png
1359,714,461,426,483,447,86,Train_frames/Screenshot_76.png
1359,714,740,452,762,470,86,Train_frames/Screenshot_76.png
1359,714,379,300,418,337,30,Train_frames/Screenshot_77.png
1359,714,889,366,921,396,59,Train_frames/Screenshot_77.png
1359,714,379,336,418,373,86,Train_frames/Screenshot_77.png
1359,714,679,430,708,458,37,Train_frames/Screenshot_78.png
1359,714,734,436,766,464,86,Train_frames/Screenshot_78.png
1359,714,7,473,34,499,49,Train_frames/Screenshot_78.png
1359,714,652,502,668,520,62,Train_frames/Screenshot_78.png
1359,714,713,489,726,507,62,Train_frames/Screenshot_78.png
1359,714,902,360,954,413,85,Train_frames/Screenshot_79.png
1359,714,757,385,799,425,37,Train_frames/Screenshot_79.png
1359,714,707,492,732,518,62,Train_frames/Screenshot_79.png
1359,714,497,539,508,553,58,Train_frames/Screenshot_79.png
1359,714,1124,346,1181,402,59,Train_frames/Screenshot_8.png
1359,714,924,492,945,511,49,Train_frames/Screenshot_8.png
1359,714,959,438,975,461,86,Train_frames/Screenshot_8.png
1359,714,972,449,992,489,40,Train_frames/Screenshot_8.png
1359,714,1265,444,1281,470,37,Train_frames/Screenshot_8.png
1359,714,677,480,697,501,37,Train_frames/Screenshot_8.png
1359,714,677,508,695,526,75,Train_frames/Screenshot_8.png
1359,714,629,496,649,512,5,Train_frames/Screenshot_8.png
1359,714,246,489,269,502,5,Train_frames/Screenshot_8.png
1359,714,949,385,1007,441,62,Train_frames/Screenshot_80.png
1359,714,1050,374,1094,431,62,Train_frames/Screenshot_80.png
1359,714,803,457,826,485,62,Train_frames/Screenshot_80.png
1359,714,490,520,503,537,58,Train_frames/Screenshot_80.png
1359,714,673,501,685,515,62,Train_frames/Screenshot_80.png
1359,714,805,450,834,476,62,Train_frames/Screenshot_81.png
1359,714,683,465,715,495,37,Train_frames/Screenshot_81.png
1359,714,65,329,192,457,58,Train_frames/Screenshot_81.png
1359,714,1000,242,1062,299,31,Train_frames/Screenshot_82.png
1359,714,1006,300,1065,349,59,Train_frames/Screenshot_82.png
1359,714,1005,351,1070,409,85,Train_frames/Screenshot_82.png
1359,714,435,514,454,533,58,Train_frames/Screenshot_82.png
1359,714,260,462,318,518,58,Train_frames/Screenshot_83.png
1359,714,733,451,767,483,86,Train_frames/Screenshot_83.png
1359,714,598,472,616,490,37,Train_frames/Screenshot_83.png
1359,714,814,308,870,361,37,Train_frames/Screenshot_84.png
1359,714,621,495,637,512,62,Train_frames/Screenshot_84.png
1359,714,838,394,885,439,62,Train_frames/Screenshot_85.png
1359,714,719,491,735,508,30,Train_frames/Screenshot_85.png
1359,714,647,500,658,513,62,Train_frames/Screenshot_85.png
1359,714,553,535,563,544,58,Train_frames/Screenshot_85.png
1359,714,1165,304,1236,378,30,Train_frames/Screenshot_86.png
1359,714,707,426,738,454,62,Train_frames/Screenshot_86.png
1359,714,665,490,681,508,85,Train_frames/Screenshot_86.png
1359,714,467,516,490,537,58,Train_frames/Screenshot_86.png
1359,714,1194,150,1236,233,50,Train_frames/Screenshot_87.png
1359,714,1202,234,1307,332,86,Train_frames/Screenshot_87.png
1359,714,721,436,758,471,37,Train_frames/Screenshot_87.png
1359,714,1004,316,1086,383,37,Train_frames/Screenshot_88.png
1359,714,971,486,1003,525,61,Train_frames/Screenshot_88.png
1359,714,977,404,1023,444,85,Train_frames/Screenshot_89.png
1359,714,694,421,736,461,37,Train_frames/Screenshot_89.png
1359,714,593,513,608,529,31,Train_frames/Screenshot_89.png
1359,714,1065,321,1131,382,37,Train_frames/Screenshot_9.png
1359,714,1074,404,1130,458,75,Train_frames/Screenshot_9.png
1359,714,799,427,834,451,5,Train_frames/Screenshot_9.png
1359,714,671,446,694,467,59,Train_frames/Screenshot_9.png
1359,714,672,466,693,485,85,Train_frames/Screenshot_9.png
1359,714,353,523,364,533,75,Train_frames/Screenshot_9.png
1359,714,810,443,851,484,31,Train_frames/Screenshot_90.png
1359,714,789,317,823,348,59,Train_frames/Screenshot_91.png
1359,714,788,348,826,384,85,Train_frames/Screenshot_91.png
1359,714,923,363,978,413,37,Train_frames/Screenshot_92.png
1359,714,789,424,823,456,62,Train_frames/Screenshot_92.png
1359,714,258,503,276,518,37,Train_frames/Screenshot_92.png
1359,714,672,518,686,532,62,Train_frames/Screenshot_92.png
1359,714,699,489,725,512,62,Train_frames/Screenshot_93.png
1359,714,425,533,446,551,58,Train_frames/Screenshot_93.png
1359,714,119,390,220,474,58,Train_frames/Screenshot_94.png
1359,714,15,511,37,539,61,Train_frames/Screenshot_94.png
1359,714,486,540,499,552,58,Train_frames/Screenshot_94.png
1359,714,146,454,226,529,58,Train_frames/Screenshot_95.png
1359,714,671,469,697,496,85,Train_frames/Screenshot_95.png
1359,714,609,471,635,493,24,Train_frames/Screenshot_95.png
1359,714,610,494,633,517,47,Train_frames/Screenshot_95.png
1359,714,908,472,926,500,58,Train_frames/Screenshot_96.png
1359,714,1137,128,1241,226,24,Train_frames/Screenshot_96.png
1359,714,1139,231,1251,337,47,Train_frames/Screenshot_96.png
1359,714,565,414,624,494,58,Train_frames/Screenshot_97.png
1359,714,1316,388,1358,447,35,Train_frames/Screenshot_98.png
1359,714,15,462,40,493,85,Train_frames/Screenshot_99.png
1359,714,810,465,833,488,85,Train_frames/Screenshot_99.png
1359,714,830,464,848,485,24,Train_frames/Screenshot_99.png
1359,714,830,484,853,505,47,Train_frames/Screenshot_99.png
400,300,107,111,303,274,5,Train_frames/IMG_1594.JPG
400,300,4,0,123,90,4,Train_frames/IMG_1595.JPG
400,300,0,90,119,193,5,Train_frames/IMG_1595.JPG
400,300,110,138,146,175,32,Train_frames/IMG_1595.JPG
400,300,113,177,143,211,35,Train_frames/IMG_1595.JPG
1500,1110,955,8,1285,325,35,Train_frames/IMG_1596.JPG
1500,1110,961,634,1311,948,5,Train_frames/IMG_1596.JPG
200,200,120,128,187,187,5,Train_frames/IMG_1597.JPG
640,480,109,12,384,249,5,Train_frames/IMG_1598.jpg
275,183,77,19,177,92,5,Train_frames/IMG_1599.JPG
275,183,78,93,169,167,50,Train_frames/IMG_1599.JPG
740,494,478,68,571,153,18,Train_frames/IMG_1600.JPG
740,494,474,153,570,236,9,Train_frames/IMG_1600.JPG
1600,1200,884,136,1103,330,15,Train_frames/IMG_1602.JPG
400,300,323,128,382,180,2,Train_frames/IMG_1603.JPG
400,300,326,75,382,127,35,Train_frames/IMG_1603.JPG
400,300,315,12,384,68,2,Train_frames/IMG_1604.JPG
400,300,231,37,263,66,16,Train_frames/IMG_1604.JPG
400,300,192,70,210,85,16,Train_frames/IMG_1604.JPG
400,300,192,90,211,106,35,Train_frames/IMG_1604.JPG
640,480,504,0,637,98,2,Train_frames/IMG_1605.JPG
640,480,509,103,639,223,35,Train_frames/IMG_1605.JPG
400,300,276,52,387,151,2,Train_frames/IMG_1606.JPG
400,300,64,168,89,194,32,Train_frames/IMG_1606.JPG
259,194,213,34,240,63,3,Train_frames/IMG_1607.JPG
400,300,261,20,306,69,37,Train_frames/IMG_1608.JPG
400,300,252,66,302,111,5,Train_frames/IMG_1608.JPG
400,300,253,106,299,155,35,Train_frames/IMG_1608.JPG
400,300,303,130,329,154,5,Train_frames/IMG_1608.JPG
400,300,207,118,259,167,14,Train_frames/IMG_1608.JPG
400,300,214,23,325,120,18,Train_frames/IMG_1609.JPG
400,300,216,152,322,257,35,Train_frames/IMG_1609.JPG
324,235,170,26,268,75,79,Train_frames/IMG_1610.JPG
324,235,186,74,252,141,35,Train_frames/IMG_1610.JPG
308,180,292,67,307,82,7,Train_frames/IMG_1611.jpg
308,180,185,18,221,53,32,Train_frames/IMG_1611.jpg
308,180,184,54,220,90,35,Train_frames/IMG_1611.jpg
308,180,119,3,185,64,35,Train_frames/IMG_1611.jpg
308,180,135,64,150,79,14,Train_frames/IMG_1611.jpg
308,180,136,78,151,91,19,Train_frames/IMG_1611.jpg
308,180,261,86,270,95,58,Train_frames/IMG_1611.jpg
480,320,371,70,466,116,78,Train_frames/IMG_1612.JPG
480,320,249,68,305,123,35,Train_frames/IMG_1612.JPG
480,320,151,95,194,134,16,Train_frames/IMG_1612.JPG
480,320,49,184,65,199,35,Train_frames/IMG_1612.JPG
400,300,62,12,121,70,8,Train_frames/IMG_1613.JPG
400,300,60,67,122,125,35,Train_frames/IMG_1613.JPG
400,300,183,5,271,86,14,Train_frames/IMG_1613.JPG
400,300,29,17,89,82,23,Train_frames/IMG_1614.JPG
400,300,30,82,92,145,14,Train_frames/IMG_1614.JPG
400,300,117,108,132,121,24,Train_frames/IMG_1614.JPG
400,300,118,121,132,136,55,Train_frames/IMG_1614.JPG
400,300,318,83,389,149,22,Train_frames/IMG_1615.JPG
400,300,174,197,186,207,35,Train_frames/IMG_1615.JPG
400,300,324,20,397,83,22,Train_frames/IMG_1616.JPG
400,300,299,14,378,107,82,Train_frames/IMG_1620.JPG
640,427,332,0,533,238,82,Train_frames/IMG_1621.jpg
640,427,184,169,258,248,7,Train_frames/IMG_1621.jpg
640,427,187,241,253,306,62,Train_frames/IMG_1621.jpg
788,444,447,31,583,215,82,Train_frames/IMG_1622.JPG
1200,800,722,50,923,305,82,Train_frames/IMG_1623.JPG
730,482,454,36,649,280,82,Train_frames/IMG_1624.jpg
640,391,311,36,507,271,82,Train_frames/IMG_1625.JPG
499,374,353,144,398,186,35,Train_frames/IMG_1627.JPG
499,374,349,84,400,128,3,Train_frames/IMG_1627.JPG
250,156,184,19,213,44,21,Train_frames/IMG_1628.JPG
250,156,164,45,183,63,3,Train_frames/IMG_1628.JPG
250,156,165,68,182,84,35,Train_frames/IMG_1628.JPG
250,156,186,41,213,68,81,Train_frames/IMG_1628.JPG
1296,972,1012,172,1185,339,35,Train_frames/IMG_1601.JPG
1296,972,992,343,1194,508,3,Train_frames/IMG_1601.JPG
1477,714,930,261,976,324,35,Train_frames/Screenshot_287.png
1477,714,933,326,978,383,42,Train_frames/Screenshot_287.png
1477,714,588,108,661,198,66,Train_frames/Screenshot_288.png
1477,714,589,197,663,285,67,Train_frames/Screenshot_288.png
1477,714,369,266,394,290,56,Train_frames/Screenshot_288.png
1477,714,366,243,393,266,24,Train_frames/Screenshot_288.png
1477,714,191,166,214,187,24,Train_frames/Screenshot_288.png
1477,714,0,208,28,234,24,Train_frames/Screenshot_288.png
1477,714,113,277,130,291,58,Train_frames/Screenshot_288.png
1477,714,270,258,281,271,42,Train_frames/Screenshot_288.png
1477,714,244,265,253,275,62,Train_frames/Screenshot_288.png
1477,714,20,405,50,465,35,Train_frames/Screenshot_289.png
1477,714,13,464,48,520,37,Train_frames/Screenshot_289.png
1477,714,16,90,175,218,35,Train_frames/Screenshot_290.png
1477,714,26,218,185,337,85,Train_frames/Screenshot_290.png
1477,714,580,195,647,257,38,Train_frames/Screenshot_291.png
1477,714,959,161,1028,225,25,Train_frames/Screenshot_292.png
1477,714,259,194,318,252,25,Train_frames/Screenshot_292.png
1477,714,1023,134,1161,292,90,Train_frames/Screenshot_293.png
1477,714,627,115,674,163,64,Train_frames/Screenshot_293.png
1477,714,94,125,139,173,64,Train_frames/Screenshot_293.png
1477,714,426,185,448,201,47,Train_frames/Screenshot_293.png
1477,714,425,165,446,184,24,Train_frames/Screenshot_293.png
1477,714,707,106,943,359,26,Train_frames/Screenshot_294.png
1477,714,1431,381,1468,417,86,Train_frames/Screenshot_294.png
1477,714,844,275,919,389,75,Train_frames/Screenshot_295.png
1477,714,322,264,408,346,13,Train_frames/Screenshot_295.png
1477,714,45,283,83,326,50,Train_frames/Screenshot_295.png
1477,714,19,284,50,324,61,Train_frames/Screenshot_295.png
1477,714,96,161,261,270,83,Train_frames/Screenshot_296.png
1477,714,802,177,850,231,50,Train_frames/Screenshot_297.png
1477,714,128,63,228,177,75,Train_frames/Screenshot_298.png
1477,714,115,175,243,316,35,Train_frames/Screenshot_298.png
1477,714,741,221,819,311,31,Train_frames/Screenshot_299.png
1477,714,502,270,515,283,75,Train_frames/Screenshot_299.png
1477,714,502,282,518,298,37,Train_frames/Screenshot_299.png
1477,714,627,291,642,310,28,Train_frames/Screenshot_299.png
1477,714,212,296,281,351,42,Train_frames/Screenshot_300.png
1477,714,1019,210,1154,310,76,Train_frames/Screenshot_301.png
1477,714,315,153,468,299,4,Train_frames/Screenshot_302.png
1477,714,858,291,929,356,14,Train_frames/Screenshot_303.png
1477,714,693,102,800,204,3,Train_frames/Screenshot_304.png
1477,714,703,249,800,347,35,Train_frames/Screenshot_304.png
1477,714,100,133,183,206,3,Train_frames/Screenshot_305.png
1477,714,103,229,176,299,35,Train_frames/Screenshot_305.png
1477,714,63,252,108,286,14,Train_frames/Screenshot_305.png
1477,714,1064,103,1157,216,59,Train_frames/Screenshot_306.png
1477,714,1066,214,1137,321,35,Train_frames/Screenshot_306.png
1477,714,640,116,710,182,58,Train_frames/Screenshot_307.png
1477,714,1252,103,1304,148,29,Train_frames/Screenshot_307.png
1477,714,917,162,1015,278,58,Train_frames/Screenshot_308.png
1477,714,1347,168,1404,218,29,Train_frames/Screenshot_308.png
1477,714,1407,298,1444,345,29,Train_frames/Screenshot_309.png
1477,714,853,353,874,391,29,Train_frames/Screenshot_310.png
1477,714,634,368,668,387,78,Train_frames/Screenshot_310.png
1477,714,169,326,213,417,29,Train_frames/Screenshot_311.png
1477,714,788,473,831,558,29,Train_frames/Screenshot_312.png
1477,714,265,506,344,552,78,Train_frames/Screenshot_312.png
1477,714,480,233,497,254,29,Train_frames/Screenshot_313.png
1477,714,388,238,409,251,78,Train_frames/Screenshot_313.png
1477,714,244,233,279,267,32,Train_frames/Screenshot_314.png
1477,714,242,269,279,303,35,Train_frames/Screenshot_314.png
1477,714,799,309,867,377,27,Train_frames/Screenshot_315.png
1477,714,521,283,559,323,35,Train_frames/Screenshot_316.png
1477,714,1040,352,1120,427,85,Train_frames/Screenshot_317.png
1477,714,860,391,890,417,29,Train_frames/Screenshot_317.png
1477,714,948,374,1009,430,29,Train_frames/Screenshot_318.png
1477,714,59,373,92,406,32,Train_frames/Screenshot_318.png
1477,714,53,406,86,445,37,Train_frames/Screenshot_318.png
1477,714,996,348,1013,362,85,Train_frames/Screenshot_318.png
1477,714,1028,390,1054,414,59,Train_frames/Screenshot_318.png
1477,714,1148,55,1200,110,85,Train_frames/Screenshot_319.png
1477,714,924,171,1183,429,29,Train_frames/Screenshot_319.png
1477,714,1273,246,1370,339,59,Train_frames/Screenshot_319.png
803,719,208,283,257,348,8,Train_frames/Screenshot_320.png
1066,478,825,4,878,69,85,Train_frames/Screenshot_321.png
1066,478,31,242,95,295,60,Train_frames/Screenshot_321.png
844,501,160,95,197,139,37,Train_frames/Screenshot_322.png
761,590,226,330,252,358,85,Train_frames/Screenshot_323.png
761,590,217,295,255,330,24,Train_frames/Screenshot_323.png
761,590,496,234,593,339,41,Train_frames/Screenshot_323.png
848,473,36,17,110,98,40,Train_frames/Screenshot_324.png
420,489,14,367,54,408,24,Train_frames/Screenshot_325.png
420,489,21,409,50,440,85,Train_frames/Screenshot_325.png
420,489,263,314,335,425,41,Train_frames/Screenshot_325.png
967,508,259,145,304,201,35,Train_frames/Screenshot_326.png
591,344,264,80,296,111,59,Train_frames/Screenshot_327.png
776,622,180,346,248,435,59,Train_frames/Screenshot_328.png
644,424,100,88,182,173,58,Train_frames/Screenshot_329.png
560,426,197,108,246,173,37,Train_frames/Screenshot_330.png
560,426,192,174,246,236,85,Train_frames/Screenshot_330.png
665,416,108,220,150,262,28,Train_frames/Screenshot_331.png
835,608,316,339,355,372,85,Train_frames/Screenshot_332.png
835,608,26,377,34,389,85,Train_frames/Screenshot_332.png
744,497,314,38,422,165,62,Train_frames/Screenshot_333.png
1157,405,725,210,811,321,85,Train_frames/Screenshot_334.png
1157,405,713,68,829,209,29,Train_frames/Screenshot_334.png
534,399,239,186,263,222,28,Train_frames/Screenshot_335.png
914,507,27,249,53,287,28,Train_frames/Screenshot_336.png
914,507,524,316,561,357,58,Train_frames/Screenshot_336.png
937,437,624,69,691,133,75,Train_frames/Screenshot_337.png
937,437,618,134,685,196,62,Train_frames/Screenshot_337.png
1006,523,379,436,447,514,59,Train_frames/Screenshot_338.png
716,555,203,222,248,275,75,Train_frames/Screenshot_339.png
716,555,199,168,249,221,12,Train_frames/Screenshot_339.png
438,634,177,327,227,374,24,Train_frames/Screenshot_340.png
438,634,20,340,35,355,66,Train_frames/Screenshot_340.png
438,634,175,273,232,326,64,Train_frames/Screenshot_340.png
851,611,494,305,515,336,61,Train_frames/Screenshot_341.png
851,611,27,322,46,342,66,Train_frames/Screenshot_341.png
628,371,209,2,248,57,66,Train_frames/Screenshot_342.png
1004,484,893,223,965,296,24,Train_frames/Screenshot_343.png
1004,484,900,300,958,362,85,Train_frames/Screenshot_343.png
1004,484,578,353,591,367,85,Train_frames/Screenshot_343.png
1004,484,553,361,567,378,40,Train_frames/Screenshot_343.png
708,562,479,224,673,399,85,Train_frames/Screenshot_344.png
708,562,534,87,639,148,12,Train_frames/Screenshot_344.png
683,456,174,118,218,170,85,Train_frames/Screenshot_345.png
683,456,78,168,112,204,40,Train_frames/Screenshot_345.png
910,609,832,225,895,302,85,Train_frames/Screenshot_346.png
910,609,648,343,684,390,59,Train_frames/Screenshot_346.png
632,289,236,197,284,248,28,Train_frames/Screenshot_347.png
888,568,624,159,741,328,85,Train_frames/Screenshot_348.png
888,568,41,317,93,390,40,Train_frames/Screenshot_348.png
735,562,325,98,421,202,75,Train_frames/Screenshot_349.png
689,454,226,216,282,280,36,Train_frames/Screenshot_351.png
689,454,233,166,280,217,24,Train_frames/Screenshot_351.png
831,422,589,182,624,229,28,Train_frames/Screenshot_352.png
831,422,55,149,86,179,37,Train_frames/Screenshot_352.png
831,422,142,237,177,310,85,Train_frames/Screenshot_353.png
831,422,313,265,379,333,62,Train_frames/Screenshot_353.png
831,422,538,336,560,360,37,Train_frames/Screenshot_353.png
577,445,158,180,197,226,37,Train_frames/Screenshot_354.png
688,402,130,114,175,175,3,Train_frames/Screenshot_355.png
688,402,137,195,170,243,35,Train_frames/Screenshot_355.png
764,344,109,256,126,277,59,Train_frames/Screenshot_356.png
764,344,228,214,251,242,3,Train_frames/Screenshot_356.png
764,344,231,256,249,277,35,Train_frames/Screenshot_356.png
696,434,453,181,513,251,3,Train_frames/Screenshot_357.png
696,434,32,288,61,321,59,Train_frames/Screenshot_357.png
696,434,472,276,524,334,35,Train_frames/Screenshot_357.png
696,434,397,252,450,317,85,Train_frames/Screenshot_358.png
889,440,246,270,284,305,35,Train_frames/Screenshot_359.png
909,489,476,134,526,195,8,Train_frames/Screenshot_360.png
909,489,488,216,535,273,35,Train_frames/Screenshot_360.png
909,489,487,278,545,350,59,Train_frames/Screenshot_360.png
863,362,725,42,791,109,59,Train_frames/Screenshot_361.png
863,362,733,111,779,159,85,Train_frames/Screenshot_361.png
863,362,744,137,790,194,35,Train_frames/Screenshot_362.png
863,362,734,197,789,271,59,Train_frames/Screenshot_362.png
863,362,745,45,792,110,8,Train_frames/Screenshot_362.png
863,362,33,241,75,278,35,Train_frames/Screenshot_362.png
722,329,413,74,446,117,35,Train_frames/Screenshot_363.png
746,382,565,152,600,197,30,Train_frames/Screenshot_364.png
653,461,186,301,217,334,28,Train_frames/Screenshot_365.png
718,470,233,325,266,359,35,Train_frames/Screenshot_366.png
718,470,233,273,271,311,8,Train_frames/Screenshot_366.png
718,470,8,317,40,351,35,Train_frames/Screenshot_367.png
718,470,643,274,701,330,40,Train_frames/Screenshot_367.png
718,470,7,264,45,305,8,Train_frames/Screenshot_367.png
718,470,650,235,690,272,37,Train_frames/Screenshot_367.png
989,338,61,159,93,197,35,Train_frames/Screenshot_368.png
989,338,59,102,100,144,8,Train_frames/Screenshot_368.png
989,338,884,62,958,103,37,Train_frames/Screenshot_368.png
989,338,865,105,977,174,40,Train_frames/Screenshot_368.png
908,424,548,324,576,361,85,Train_frames/Screenshot_369.png
908,424,543,277,578,323,59,Train_frames/Screenshot_369.png
908,424,128,84,188,145,85,Train_frames/Screenshot_369.png
908,424,83,288,101,307,85,Train_frames/Screenshot_369.png
1078,518,891,119,1059,294,85,Train_frames/Screenshot_370.png
1078,518,124,146,179,210,8,Train_frames/Screenshot_370.png
1078,518,439,233,479,285,40,Train_frames/Screenshot_370.png
715,492,342,278,369,302,24,Train_frames/Screenshot_350.png
715,492,339,302,370,334,41,Train_frames/Screenshot_350.png
715,441,405,165,479,239,40,Train_frames/Screenshot_371.jpg
715,441,355,107,409,165,59,Train_frames/Screenshot_371.jpg
801,510,551,35,659,150,37,Train_frames/Screenshot_372.jpg
801,510,554,152,640,247,75,Train_frames/Screenshot_372.jpg
801,510,198,179,227,212,35,Train_frames/Screenshot_372.jpg
753,685,219,268,313,399,58,Train_frames/Screenshot_373.jpg
861,674,333,172,422,270,35,Train_frames/Screenshot_374.jpg
728,423,63,92,164,212,62,Train_frames/Screenshot_375.png
757,484,506,87,587,164,42,Train_frames/Screenshot_376.png
757,484,493,167,590,249,76,Train_frames/Screenshot_376.png
566,337,306,57,353,89,76,Train_frames/Screenshot_377.png
566,337,304,92,352,144,80,Train_frames/Screenshot_377.png
566,337,299,146,354,200,42,Train_frames/Screenshot_377.png
503,380,71,103,125,151,37,Train_frames/Screenshot_378.png
635,365,306,81,365,144,3,Train_frames/Screenshot_379.png
868,351,746,100,793,145,37,Train_frames/Screenshot_380.png
868,351,147,131,218,198,1,Train_frames/Screenshot_380.png
733,320,581,74,639,121,76,Train_frames/Screenshot_381.png
733,320,24,81,69,128,26,Train_frames/Screenshot_381.png
684,397,222,82,283,127,77,Train_frames/Screenshot_382.png
